AI Model,Topic,Prompt,Level,Follow-up/Variation
ChatGPT,Basics of Tissue Engineering,"Can you explain what Tissue Engineering is and why it's important?","Beginner","How has Tissue Engineering evolved over the past decade?"
Grok,Basics of Tissue Engineering,"What are the key components of a tissue-engineered construct, and how do they interact to promote tissue regeneration?","Intermediate","Focusing on bone Tissue Engineering, what are the specific components used?"
DeepSeek,Basics of Tissue Engineering,"Discuss the current challenges in developing vascularized tissues for clinical applications and potential strategies to overcome them.","Advanced","What are the implications of these challenges for organ transplantation?"
ChatGPT,Basics of Tissue Engineering,"How does Tissue Engineering differ from traditional medical treatments?","Beginner","Can you give examples of conditions that Tissue Engineering can address?"
Grok,Basics of Tissue Engineering,"Explain the concept of the 'Tissue Engineering Triad' and its significance.","Intermediate","How does this triad apply to cartilage regeneration?"
DeepSeek,Basics of Tissue Engineering,"Evaluate the potential of Tissue Engineering to address the organ shortage crisis.","Advanced","What are the economic and ethical implications of this potential?"
ChatGPT,Cell Sources and Types,"What are the different types of cells used in Tissue Engineering, and what are their advantages and disadvantages?","Beginner","Why are stem cells particularly useful in Tissue Engineering?"
Grok,Cell Sources and Types,"How do stem cells differ from differentiated cells in terms of their potential for tissue regeneration, and what are the implications for Tissue Engineering?","Intermediate","What are the challenges in using adult stem cells versus embryonic stem cells?"
DeepSeek,Cell Sources and Types,"Evaluate the use of induced pluripotent stem cells (iPSCs) in Tissue Engineering, including their potential benefits and current limitations.","Advanced","How do iPSCs compare to other stem cell types in terms of scalability?"
ChatGPT,Cell Sources and Types,"What is the role of cell culture in Tissue Engineering?","Beginner","How do scientists ensure cells remain healthy in culture?"
Grok,Cell Sources and Types,"Describe the process of cell isolation and expansion for Tissue Engineering applications.","Intermediate","What are the key factors that affect cell yield and viability?"
DeepSeek,Cell Sources and Types,"Discuss the challenges of maintaining cell phenotype and function in vitro for Tissue Engineering purposes.","Advanced","How can genetic engineering address these challenges?"
ChatGPT,Scaffolds and Biomaterials,"What is a scaffold in Tissue Engineering, and why is it important?","Beginner","Can you give examples of materials used for scaffolds?"
Grok,Scaffolds and Biomaterials,"Compare and contrast the properties of natural and synthetic biomaterials used in Tissue Engineering, including their advantages and disadvantages.","Intermediate","Which type is preferred for load-bearing applications?"
DeepSeek,Scaffolds and Biomaterials,"Discuss the role of biomaterials in directing cell behavior and tissue formation, including the importance of mechanical properties, degradation rates, and surface chemistry.","Advanced","How do these properties influence stem cell differentiation?"
ChatGPT,Scaffolds and Biomaterials,"How are scaffolds designed to mimic the natural extracellular matrix?","Beginner","What happens if a scaffold doesn't match the tissue's properties?"
Grok,Scaffolds and Biomaterials,"Explain the concept of bioactive scaffolds and their role in Tissue Engineering.","Intermediate","How do bioactive scaffolds enhance tissue regeneration?"
DeepSeek,Scaffolds and Biomaterials,"Evaluate the use of decellularized tissues as scaffolds in Tissue Engineering, including their advantages and limitations.","Advanced","What are the challenges in ensuring immunogenicity?"
ChatGPT,Growth Factors and Signaling Molecules,"What are growth factors, and how do they influence tissue regeneration?","Beginner","Can you name some common growth factors used in Tissue Engineering?"
Grok,Growth Factors and Signaling Molecules,"Explain the mechanisms by which growth factors promote cell proliferation, differentiation, and migration in Tissue Engineering applications.","Intermediate","How do growth factors interact with scaffold materials?"
DeepSeek,Growth Factors and Signaling Molecules,"Evaluate the use of controlled release systems for delivering growth factors in Tissue Engineering, including the advantages and challenges of different delivery methods.","Advanced","What are the latest advancements in this area?"
ChatGPT,Growth Factors and Signaling Molecules,"Why is the timing of growth factor delivery important in Tissue Engineering?","Beginner","How do scientists control the release of growth factors?"
Grok,Growth Factors and Signaling Molecules,"Describe the role of signaling pathways in mediating the effects of growth factors on cells.","Intermediate","How can these pathways be manipulated for better outcomes?"
DeepSeek,Growth Factors and Signaling Molecules,"Discuss the potential of gene therapy to enhance growth factor production in Tissue Engineering constructs.","Advanced","What are the risks associated with this approach?"
ChatGPT,Bioreactors and Tissue Culture,"What is a bioreactor, and how is it used in Tissue Engineering?","Beginner","Can you explain the difference between static and dynamic culture?"
Grok,Bioreactors and Tissue Culture,"Describe the different types of bioreactors used in Tissue Engineering, including their advantages and limitations for specific tissue types.","Intermediate","Which bioreactor is best for cartilage tissue engineering?"
DeepSeek,Bioreactors and Tissue Culture,"Discuss the importance of mechanical stimulation in bioreactors for promoting tissue maturation and functionality, including the underlying biological mechanisms.","Advanced","How does mechanical stimulation affect gene expression?"
ChatGPT,Bioreactors and Tissue Culture,"How do bioreactors help in scaling up Tissue Engineering processes?","Beginner","What are the challenges in large-scale tissue production?"
Grok,Bioreactors and Tissue Culture,"Explain the concept of perfusion bioreactors and their benefits for Tissue Engineering.","Intermediate","How do perfusion bioreactors improve nutrient delivery?"
DeepSeek,Bioreactors and Tissue Culture,"Evaluate the use of microfluidic bioreactors in Tissue Engineering, including their potential for high-throughput screening and personalized medicine.","Advanced","What are the current limitations of this technology?"
ChatGPT,Tissue-Specific Applications: Skin,"How is Tissue Engineering used to develop artificial skin for burn victims?","Beginner","What are the benefits of using engineered skin over traditional grafts?"
Grok,Tissue-Specific Applications: Skin,"What are the key challenges in developing functional skin substitutes, and how are they being addressed?","Intermediate","How do current skin substitutes compare to natural skin?"
DeepSeek,Tissue-Specific Applications: Skin,"Evaluate the potential of 3D bioprinting for creating complex skin tissues with multiple cell types and vascular networks.","Advanced","What are the latest breakthroughs in this area?"
ChatGPT,Tissue-Specific Applications: Bone,"How does Tissue Engineering help in bone regeneration?","Beginner","Can you explain the process of bone tissue engineering?"
Grok,Tissue-Specific Applications: Bone,"What are the key properties of biomaterials used in bone Tissue Engineering, and how do they influence bone formation?","Intermediate","Why is porosity important in bone scaffolds?"
DeepSeek,Tissue-Specific Applications: Bone,"Discuss the role of osteoinductive factors in promoting bone regeneration in Tissue Engineering applications.","Advanced","How do these factors interact with stem cells?"
ChatGPT,Tissue-Specific Applications: Cartilage,"Why is cartilage regeneration challenging, and how does Tissue Engineering address this?","Beginner","What makes cartilage different from other tissues?"
Grok,Tissue-Specific Applications: Cartilage,"Describe the current strategies for cartilage Tissue Engineering, including cell-based and scaffold-based approaches.","Intermediate","Which approach is more promising for clinical use?"
DeepSeek,Tissue-Specific Applications: Cartilage,"Evaluate the use of hydrogels in cartilage Tissue Engineering, including their advantages and limitations.","Advanced","How do hydrogels mimic the natural cartilage environment?"
ChatGPT,Tissue-Specific Applications: Heart,"How is Tissue Engineering being used to develop cardiac patches for heart repair?","Beginner","What are the potential benefits for heart disease patients?"
Grok,Tissue-Specific Applications: Heart,"What are the challenges in engineering functional cardiac tissue, and how are they being addressed?","Intermediate","Why is vascularization critical for cardiac tissue engineering?"
DeepSeek,Tissue-Specific Applications: Heart,"Discuss the potential of stem cell-derived cardiomyocytes in cardiac Tissue Engineering, including current limitations and future directions.","Advanced","How can we improve the maturation of these cells?"
ChatGPT,Tissue-Specific Applications: Liver,"How can Tissue Engineering contribute to liver regeneration or replacement?","Beginner","What are the current limitations of liver Tissue Engineering?"
Grok,Tissue-Specific Applications: Liver,"Describe the role of bioreactors in liver Tissue Engineering, including their importance for maintaining hepatocyte function.","Intermediate","What specific conditions do bioreactors provide for liver cells?"
DeepSeek,Tissue-Specific Applications: Liver,"Evaluate the use of decellularized liver scaffolds in Tissue Engineering, including their potential for whole organ engineering.","Advanced","What are the challenges in recellularizing these scaffolds?"
ChatGPT,Regenerative Medicine,"What is regenerative medicine, and how does it relate to Tissue Engineering?","Beginner","Can you give examples of regenerative medicine therapies?"
Grok,Regenerative Medicine,"Explain the concept of in situ tissue regeneration and how it differs from traditional Tissue Engineering approaches.","Intermediate","What are the advantages of in situ regeneration?"
DeepSeek,Regenerative Medicine,"Evaluate the potential of gene therapy in enhancing tissue regeneration in Tissue Engineering applications.","Advanced","What are the ethical considerations of using gene therapy in this context?"
ChatGPT,Challenges and Future Directions,"What are some of the major challenges facing Tissue Engineering today?","Beginner","How are researchers working to overcome these challenges?"
Grok,Challenges and Future Directions,"Discuss the challenges of scaling up Tissue Engineering processes for clinical applications, including issues related to manufacturing, quality control, and regulatory approval.","Intermediate","What strategies are being developed to address scalability?"
DeepSeek,Challenges and Future Directions,"Explore the potential of organ-on-a-chip technologies for advancing Tissue Engineering research and drug development.","Advanced","How can organ-on-a-chip models reduce the need for animal testing?"
ChatGPT,Ethical and Regulatory Considerations,"What are some of the ethical issues surrounding Tissue Engineering?","Beginner","How do these issues compare to those in other medical fields?"
Grok,Ethical and Regulatory Considerations,"Explain the regulatory framework for Tissue Engineering products in the United States, including the role of the FDA and the different pathways for approval.","Intermediate","How does this framework differ in other countries?"
DeepSeek,Ethical and Regulatory Considerations,"Discuss the ethical implications of using human embryonic stem cells in Tissue Engineering research, including the potential benefits and risks.","Advanced","What are the current policies regarding their use?"
ChatGPT,Miscellaneous,"How is 3D printing being used in Tissue Engineering?","Beginner","What are the advantages of 3D printing over traditional methods?"
Grok,Miscellaneous,"Describe the role of computational modeling in Tissue Engineering, including its applications in scaffold design and tissue growth prediction.","Intermediate","How accurate are current computational models?"
DeepSeek,Miscellaneous,"Evaluate the potential of nanotechnology in Tissue Engineering, including its applications in drug delivery and scaffold fabrication.","Advanced","What are the safety concerns associated with nanomaterials?"